{
  "explained_variance_ratio": [
    0.7621002767602579,
    0.14871614812922174,
    0.019448936344100654,
    0.01486940630565304,
    0.007463378870313242,
    0.005832609678731471,
    0.0050132544774305595,
    0.004079131565851045,
    0.0037923266252370873,
    0.003396677076521856,
    0.003321630072972577,
    0.003146021330748105,
    0.0028962314269232884,
    0.002626131440249823,
    0.002445434723359951,
    0.002099254434853426,
    0.0020064632986685877,
    0.0018332968149626682,
    0.001727366818255039,
    0.0012974842137479857,
    0.000790880658259667,
    0.0006021940602068496,
    0.0002574803030733087,
    0.00014987071905031172,
    6.013209834617692e-05,
    2.798175300356845e-05
  ],
  "cumulative_variance": [
    0.7621002767602579,
    0.9108164248894797,
    0.9302653612335803,
    0.9451347675392333,
    0.9525981464095465,
    0.958430756088278,
    0.9634440105657085,
    0.9675231421315595,
    0.9713154687567966,
    0.9747121458333184,
    0.978033775906291,
    0.9811797972370392,
    0.9840760286639625,
    0.9867021601042123,
    0.9891475948275722,
    0.9912468492624256,
    0.9932533125610942,
    0.9950866093760569,
    0.9968139761943119,
    0.9981114604080599,
    0.9989023410663196,
    0.9995045351265265,
    0.9997620154295997,
    0.99991188614865,
    0.9999720182469962,
    0.9999999999999998
  ],
  "components_for_80pct": 2,
  "components_for_90pct": 2,
  "components_for_95pct": 5,
  "recommended_n_components": 2,
  "total_components": 26
}