{
  "explained_variance_ratio": [
    0.762100276760258,
    0.14871614812922176,
    0.019448936344100786,
    0.014869406305654535,
    0.007463378870313266,
    0.005832609678729662,
    0.005013254477429569,
    0.004079131565850795,
    0.0037923266252371363,
    0.0033966770765214743,
    0.0033216300729725493,
    0.003146021330748001,
    0.002896231426923228,
    0.0026261314402496842,
    0.002445434723359892,
    0.0020992544348526396,
    0.002006463298668494,
    0.0018332968149625908,
    0.001727366818254865,
    0.0012974842137512355,
    0.000790880658259635,
    0.0006021940602069314,
    0.0002574803030733067,
    0.00014987071905036512,
    6.013209834617705e-05,
    2.7981753003521812e-05
  ],
  "cumulative_variance": [
    0.762100276760258,
    0.9108164248894798,
    0.9302653612335806,
    0.9451347675392352,
    0.9525981464095484,
    0.9584307560882781,
    0.9634440105657077,
    0.9675231421315585,
    0.9713154687567956,
    0.9747121458333171,
    0.9780337759062897,
    0.9811797972370377,
    0.9840760286639609,
    0.9867021601042106,
    0.9891475948275705,
    0.9912468492624231,
    0.9932533125610916,
    0.9950866093760542,
    0.9968139761943091,
    0.9981114604080603,
    0.9989023410663199,
    0.9995045351265268,
    0.9997620154296001,
    0.9999118861486505,
    0.9999720182469967,
    1.0000000000000002
  ],
  "components_for_80pct": 2,
  "components_for_90pct": 2,
  "components_for_95pct": 5,
  "recommended_n_components": 2,
  "total_components": 26
}